area_id,area_name,latitude,longtitude,address,custno
0,공현진방파제,38.3521,128.5149,강원도 고성군 죽왕면 공현진리 431-22,
1,봉포방파제,38.2487,128.5702,강원도 고성군 토성면 봉포리 1-6,
2,장사방파제,38.2247,128.5919,강원도 속초시 장사동 548-4,
3,동명방파제,38.2036,128.6033,강원도 속초시 동명동 1-257,
4,수산방파제,38.079,128.6803,강원도 양양군 손양면 수산리 89-6,
5,동산방파제,37.9804,128.7633,강원도 양양군 현남면 동산리 137-4,
6,남애방파제,37.9424,128.7901,강원도 양양군 현남면 남애리 2-82,
7,주문진방파제,37.8862,128.834,강원도 강릉시 주문진읍 주문리 265-18,
8,사천진해변,37.843,128.8738,강원도 강릉시 사천면 사천진리 266-2,
9,안목방파제,37.7714,128.9568,강원도 강릉시 견소동 286,
10,금진방파제,37.6479,129.0508,강원도 강릉시 옥계면 금진리 124-3,
11,정성바다낚시터,37.4698197,126.6203212,인천광역시 중구 백운로 186번길 140-1,
12,넛출선착장,37.466071,126.629655,인천광역시 영흥면 선재리,
13,뱃말선착장,37.466071,126.629655,인천광역시 영흥면 선재리,
14,덕산방파제,37.3757,129.2547,강원도 삼척시 근덕면 덕산리 4-7,
15,시화방조제,37.335669,126.784205,경기도 안산시 단원구 대부동동,
16,풍도방파제,37.317614,126.786072,경기도 안산시 대부동,
17,장호방파제,37.2895,129.3147,강원도 삼척시 근덕면 장호리 3-1,
18,진두방파제,37.233227,126.408742,인천광역시 옹진군 영흥면 내리,
19,임원항 대왕바위,37.2321,129.3513,강원도 삼척시 원덕읍 임원리 산327,
20,진복2리 해안가,37.2321,129.3513,경상북도 울진군 근남면 진복리 205-5,
21,소이작도선착장,37.222757,126.360421,인천광역시 옹진군 자월면 이작리,
22,궁평리선착장,37.207773,126.735551,경기도 화성시 서산면 궁평리,
23,매향리선착장,37.101329,126.774964,경기도 화성시 우정면 매향리,
24,석문방조제 선착장,36.985043,126.60458,충청남도 당진군 송산면,
25,도비도방파제,36.963301,126.701989,충청남도 당진군 석문면,
26,한진선착장,36.8667,126.6722,충청남도 당진군 송악면 한진리,
27,학암포선착장,36.810367,126.224219,충청남도 태안군 원북면 방갈리,
28,신진도방파제,36.7827,126.0971,충청남도 태안군 근흥면 신진도리,
29,연포방파제,36.7669,126.1057,충청남도 태안군 근흥면 도황리,
30,마도방파제,36.7608,126.1252,충청남도 태안군 근흥면 마도리,
31,구산해변,36.7537,129.4682,경상북도 울진군 기성면 구산리 333-26,
32,몽산포방파제,36.7365,126.1677,충청남도 태안군 남면 몽산리,
33,장곰포방조제,36.70613,126.176822,충청남도 태안군 안면읍 고남면 누동리,
34,방포방파제,36.6512,126.2372,충청남도 태안군 안면읍 승언리,
35,태안 안목도 큰덕섬,36.6296,126.1906,충청남도 태안군 안목도 큰덕섬,
36,천리포방파제,36.623785,126.295659,충청남도 태안군 소원면 의항리,
37,모항방파제,36.616758,126.323935,충청남도 태안군 소원면 모항리,
38,고래불해변,36.5978,129.4106,경상북도 영덕군 병곡면 병곡리 58-27,
39,대진해변,36.5651,129.4266,경상북도 영덕군 영해면 대진리 426-3,
40,태안 마검포항,36.5592,126.3057,충청남도 태안군 마검포항,
41,태안반도 의항 갯바위,36.5571,126.2598,충청남도 태안반도 의항 갯바위,
42,영덕 해골바위,36.5285,129.4413,경상북도 영덕군 영해면 사진리 229,
43,경정2리,36.4947,129.4451,경상북도 영덕군 축산면 경정리 산265,
44,경정2리 차유돔바위,36.4875,129.4426,경상북도 영덕군 축산면 경정리 115-1,
45,경정1리 담물,36.48,129.4335,경상북도 영덕군 축산면 경정리 577-3,
46,영덕 동명축양장,36.4626,129.4372,경상북도 영덕군 영덕읍 석리 산17,
47,영덕 노물,36.4579,129.4356,경상북도 영덕군 영덕읍 석리 산1-2,
48,창포리 보릿골,36.4138,129.4303,경상북도 영덕군 영덕읍 창포리 189-2,
49,영덕 강구 하저,36.3702,129.3982,경상북도 영덕군 강구면 금진리 807,
50,보령방조제,36.3489,126.5462,충청남도 보령시 천북면,
51,부사방파제,36.3258,126.5977,충청남도 보령시 웅천읍,
52,녹도방파제,36.3042,126.6167,충청남도 보령시 오천면 녹도리,
53,보령 용섬,36.2904,126.5102,충청남도 보령시 용섬,
54,외연도방파제,36.2682,126.6103,충청남도 보령시 오천면 외연도리,
55,보령 외연도 마당여,36.2676,126.5906,충청남도 보령시 외연도 마당여,
56,홍원방파제,36.0476,126.7132,충청남도 서천군 서면 도둔리,
57,마량방파제,36.0464,126.6805,충청남도 서천군 서면 마량리,
58,구룡포 만세여,36.0242,129.5788,경상북도 포항시 남구 구룡포읍 석병리 1114 앞 해상,
59,군산 연도 누렁여,35.9817,126.4845,전라북도 군산시 연도 누렁여,
60,군산 연도 멸치망,35.981,126.4836,전라북도 군산시 연도 멸치망,
61,군산 연도 목끝여,35.9809,126.4763,전라북도 군산시 연도 목끝여,
62,군산 연도,35.9794,126.4833,전라북도 군산시 연도,
63,군산 연도 삼각바위,35.9772,126.4837,전라북도 군산시 연도 삼각바위,
64,구룡포 장길리 보릿돌,35.9748,129.5542,경상북도 포항시 남구 구룡포읍 하정리 1-34 앞 해상,
65,군산 개야도 등대섬,35.9737,126.4943,전라북도 군산시 개야도 등대섬,
66,군산 연도 검은바위,35.9716,126.5078,전라북도 군산시 연도 검은바위,
67,군산 개야도 부도,35.9675,126.4873,전라북도 군산시 개야도 부도,
68,군산 십이동파도 작은 쌍섬,35.9657,126.5395,전라북도 군산시 십이동파도 작은 쌍섬,
69,옥구군 비안도,35.9652,129.4117,전라북도 옥구군 비안도,
70,군산 십이동파도 덜컥바위,35.9609,126.7255,전라북도 군산시 십이동파도 덜컥바위,
71,김대중대교,35.9568,126.6956,전라남도 신안군 압해읍 복룡리,
72,군산 어청도 동받이,35.9466,126.4688,전라북도 군산시 어청도 동받이,
73,군산 죽도 앞 쥐섬,35.9389,126.4604,전라북도 군산시 죽도 앞 쥐섬,
74,어청도방파제,35.9338,126.4583,전라북도 군산시 옥도면 어청도리,
75,고군산군도 만자여,35.924739,126.452406,전라북도 군산시 옥도면 대장도리 만자여,
76,연도항방파제,35.9194,126.4119,전라북도 군산시 옥도면 연도리,
77,고군산군도 명도,35.915741,126.419072,전라북도 군산시 옥도면 대장도리 명도,
78,관리도방파제,35.8817392,126.2929269,전라북도 군산시 옥도면 관리도리,
79,말도방파제,35.879261,126.403863,전라북도 군산시 옥도면 말도리,
80,명도방파제,35.8755935,126.2699605,전라북도 군산시 옥도면 명도리,
81,야미도선착장,35.8751248,126.2771905,전라북도 군산시 옥도면 야미도리,
82,가란대교,35.8709,128.6222,전라남도 신안군 압해읍 분매리,
83,무녀도선착장,35.8585413,126.3864143,전라북도 군산시 옥도면 무녀도리,
84,계원2리 등대,35.8534,129.5256,경상북도 포항시 남구 장기면 계원리 산195,
85,부안 위도 중조도,35.8518,126.3528,전라북도 부안군  위도 중조도,
86,송대말등대,35.8064,129.512,경상북도 경주시 감포읍 오류리 583-4,
87,감포항 석벽,35.8046,129.5051,경상북도 경주시 감포읍 감포리 504-39,
88,감포방파제,35.8037,129.5083,경상북도 경주시 감포읍 감포리 504-45,
89,부안 위도 용머리,35.7817,126.4464,전라북도 부안군  위도 용머리,
90,격포 식도 노랑부리,35.7643,126.7148,전라북도 부안군 격포 식도 노랑부리,
91,부안 위도 칼바위,35.7467,126.5754,전라북도 부안군  위도 칼바위,
92,격포 왕등도 대구섬,35.7257,126.7265,전라북도 부안군 격포 왕등도 대구섬,
93,부안 격포 노은여,35.7136,126.6021,전라북도 부안군 격포 노은여,
94,계화방조제,35.710011,126.680098,전라북도 부안군 계화면 계화리,
95,부안 위도 파장금 서방파제,35.7006,126.5188,전라북도 부안군  위도 파장금 서방파제,
96,부안 하왕등도,35.6406,126.5937,전라북도 부안군  하왕등도,
97,격포방파제,35.6248,126.5569,전라북도 부안군 변산면 격포리 ,
98,정자 판지,35.6137,129.458,울산광역시 북구 구유동 308-3,
99,울산 우가포,35.612,129.4584,울산광역시 북구 구유동 234-5,
100,당사방파제,35.5832,129.4583,울산광역시 북구 당사동 378-3,
101,주전방파제,35.5615,129.4583,울산광역시 동구 주전동 94-13,
102,울산 방어진 쌍둥이여,35.4869,129.4398,울산광역시 동구 일산동 909 앞 해상,
103,울산 소바위,35.4865,129.4385,울산광역시 동구 일산동 910-1,
104,상진방파제,35.4813,129.4203,울산광역시 동구 방어동 846-18,
105,약산 득암항,35.3698,127.7907,전라남도 완도군 약산면 득암항,
106,간절곶방파제,35.3627,129.3614,울산광역시 울주군 서생면 대송리 1-8,
107,평동방파제,35.3548,129.3536,울산광역시 울주군 서생면 대송리 51-15,
108,나사리방파제,35.3541,129.3407,울산광역시 울주군 서생면 나사리 168-8,
109,신암1리 방파제,35.3463,129.3263,울산광역시 울주군 서생면 신암리 291-64,
110,신리방파제,35.3416,129.3211,울산광역시 울주군 서생면 신암리 1572-2,
111,약산면 가사리 ,35.3307,127.7835,전라남도 완도군 약산면 가사리 ,
112,길천방파제,35.3257,129.2845,부산광역시 기장군 장안읍 길천리 188-63,
113,가마미,35.3242,126.4187,전라남도 영광군 홍농읍 계마포구,
114,임랑해수욕장,35.3159,129.2626,부산광역시 기장군 장안읍 임랑리 144-2,
115,이동방파제,35.2702,129.2467,부산광역시 기장군 일광읍 이천리 170-5,
116,학리방파제,35.2608,129.247,부산광역시 기장군 일광읍 학리 251-21,
117,대변방파제,35.2164,129.2346,부산광역시 기장군 기장읍 대변리 245-9,
118,울산 사작여,35.183,129.4355,울산광역시 동구 방어동 5-2,
119,부산 송정방파제,35.1803,129.2074,부산광역시 해운대구 송정동 288-56,
120,금호방조제,35.1739,126.841,전라남도 해남군 산이면 구성리,
121,청사포방파제,35.1588,129.1908,부산광역시 해운대구 중동 591-17,
122,부산 미포방파제,35.1576,129.171,부산광역시 해운대구 중동 1015-9,
123,녹동항 소록대교,35.1118,128.9778,전라남도 고흥군 도양읍 봉암리,
124,석금방파제,35.1054,129.0217,전라북도 부안군 위도면 대리,
125,오륙도 앞 갯바위,35.0994,129.1241,부산광역시 남구 용호동 산196-10,
126,부산항국제선용품유통센터,35.0887,129.0322,부산광역시 영도구 남항동2가 12-19,
127,남부민방파제,35.0858,129.0303,부산광역시 서구 남부민동 696-4,
128,부산남항동방파제,35.0849,129.0331,부산광역시 영도구 남항동3가 141-213,
129,오륙도방파제,35.0847,129.1057,부산광역시 남구 용당동 1-6 앞 해상,
130,조도방파제,35.0792,129.1046,부산광역시 영도구 동삼동 1-17,
131,암남공원 갯바위,35.0586,129.0186,부산광역시 서구 암남동 산193-4,
132,태종대 동백골 (1),35.0581,129.0955,부산광역시 영도구 동삼동 산29-1,
133,태종대 동백골 (2),35.0577,129.095,부산광역시 영도구 동삼동 산29-1,
134,감천항동방파제,35.0513,129.0089,부산광역시 서구 암남동 704,
135,태종대 전망대 (1),35.0498,129.0878,부산광역시 영도구 동삼동 산29-1,
136,해양대방파제,35.0497,129.0847,부산광역시 영도구 동삼동 884-1,
137,태종대 전망대 (2),35.0495,129.0865,부산광역시 영도구 동삼동 산29-1,
138,감천항서방파제,35.049,129.006,부산광역시 사하구 구평동 499,
139,다대포방파제,35.0462,128.9762,부산광역시 사하구 다대동 375-17,
140,다대포 빨간등대 (1),35.0356,128.975,부산광역시 사하구 다대동 1493-2,
141,다대포 빨간등대 (2),35.0352,128.9748,부산광역시 사하구 다대동 1493-2,
142,다대포 빨간등대 (3),35.0352,128.9747,부산광역시 사하구 다대동 1493-2,
143,다대포 동섬 (1),35.0309,128.9781,부산광역시 사하구 다대동 1493,
144,다대포 동섬 (2),35.0307,128.9781,부산광역시 사하구 다대동 1493,
145,다대포 동섬 (3),35.0306,128.9781,부산광역시 사하구 다대동 1493,
146,쥐섬 (1),35.0298,128.9724,부산광역시 사하구 다대동 산146,
147,쥐섬 (2),35.0273,128.974,부산광역시 사하구 다대동 산146,
148,쥐섬 (3),35.0264,128.9725,부산광역시 사하구 다대동 산146,
149,쥐섬 (4),35.0256,128.9735,부산광역시 사하구 다대동 산146,
150,가덕도 휴게소,35.0237,128.8048,부산광역시 강서구 천성동 산255,
151,가덕도 갑수서도 천수대,35.0224,128.8046,부산광역시 강서구 천성동 산255,
152,가덕도 거가대교 밑,35.0215,128.806,부산광역시 강서구 천성동 산255-1,
153,가덕도 솔섬,35.0036,128.8184,부산광역시 강서구 대항동 162-1,
154,가덕도 등대 (1),34.9894,128.8296,부산광역시 강서구 대항동 162-1,
155,가덕도 등대 (2),34.9891,128.8293,부산광역시 강서구 대항동 162-1,
156,가덕도 등대 (3),34.9888,128.8286,부산광역시 강서구 대항동 162-1,
157,나무섬,34.9783,128.9887,부산광역시 사하구 다대동 산148,
158,거제 오동도 방파제 ,34.978144,128.703023,경상남도 거제시 동부면 오동리 688-5 ,
159,진도 조도군도 관사도 ,34.9679,126.2392,전라남도 진도군 조도면,
160,가조도 선외기,34.9444,128.5132,경상남도 거제시 사등면 창호리 2775-2,
161,거제 망월산 (1),34.9426,128.7268,경상남도 거제시 장목면 외포리 산35,
162,거제 망월산 (2),34.9424,128.7268,경상남도 거제시 장목면 외포리 산35,
163,거제 망월산 (3),34.9421,128.7267,경상남도 거제시 장목면 외포리 산35,
164,거제 외포,34.9388,128.7272,경상남도 거제시 장목면 외포리 산35,
165,거제 장승포 고래등,34.8976162,128.6861358,경상남도 거제시 장승포동 287-7 ,
166,금진항,34.8968,127.7464,전라남도 고흥군 금산면,
167,고성 덕명방파제,34.8962,128.1408,경상남도 고성군 하이면 덕명리 737-2,
168,통영 서촌방파제,34.8953,128.305,경상남도 통영시 도산면 저산리 169-10,
169,거제 장승포 몽골개,34.8940468,128.6967593,경상남도 거제시 장승포동 1114-11 ,
170,거제 장승포 빈천,34.8904652,128.7031346,경상남도 거제시 장승포동 1356 ,
171,당사도 마당바위,34.8735052,126.1782913,전라남도 신안군 암태면 당사리 77-1,
172,여서도,34.872008,125.038225,전라남도 신안군 흑산면,
173,율촌제2일반산업단지,34.8708,127.6335,전라남도 여수시 율촌면 여순로,
174,양화 페수산,34.865128,128.681875,경상남도 거제시 양재동 산 113-3 ,
175,거제 장승포 넓적바위,34.8599742,128.6971901,경상남도 거제시 장승포동 산 136-8 ,
176,여서도 떡바위,34.8375697,125.2151412,전라남도 신안군 흑산면 여서동리 여서도 638-1,
177,통영 방화도 (1),34.8373,128.4557,경상남도 거제시 둔덕면 술역리 803-20,
178,통영 방화도 (2),34.8371,128.4555,경상남도 거제시 둔덕면 술역리 803-20,
179,통영 방화도 (3),34.8369,128.4555,경상남도 거제시 둔덕면 술역리 803-20,
180,사량도 사금방파제,34.8298,128.1961,경상남도 통영시 사량면 금평리 1094-4,
181,당사도 솔개여,34.8245,126.1195,전라남도 신안군 암태면 당사리,
182,지심도 마흔여 (1),34.8165,128.7528,경상남도 거제시 일운면 옥림리 산1,
183,지심도 마흔여 (2),34.8165,128.7527,경상남도 거제시 일운면 옥림리 산1,
184,지심도 마흔여 (3),34.8165,128.7526,경상남도 거제시 일운면 옥림리 산1,
185,추자도 오동여,34.7958,128.6682,전라남도 신안군 추자면 추자리 오동여 ,
186,곤리도 등대,34.784,128.3708,경상남도 통영시 산양읍 곤리리 174-16,
187,폐수산,34.7803,128.6666,경상남도 거제시 동부면 학동리 산1-2,
188,청산도 붙은여,34.7726541,126.3147251,전라남도 신안군 압해읍 청산면 청산도 ,
189,거금도익금리,34.7719,126.3057,전라남도 고흥군 금산면 익금리,
190,한산도 장작지,34.7715,128.4717,경상남도 통영시 한산면 두억리 563-4,
191,해양수산앞방파제,34.7654,128.4046,경상남도 통영시 산양읍 미남리 702-4,
192,청산도 노랑바위,34.7607835,126.2982225,전라남도 신안군 압해읍 청산면 청산도 노랑바위 ,
193,추자도 작은보름섬,34.7602,128.5269,전라남도 신안군 추자면 추자리 ,
194,한산도 의암마을 방파제,34.7575,128.491,경상남도 통영시 한산면 하소리 430-5,
195,여자도 장어다리,34.7564,127.5062,전라남도 여수시 화정면 마파지길,
196,추봉도 동섬,34.7503,128.5462,경상남도 통영시 한산면 추봉리 산158,
197,여수 오동도 방파제,34.7499,127.7673,전라남도 여수시 수정동 2-9,
198,돈북섬 풀섬하얀등대,34.7498,127.5162,전라남도 여수시 화정면 여자리 산141,
199,해금강 (1),34.7422,128.6774,경상남도 거제시 남부면 갈곶리 산14-37,
200,탑포 노랑바위,34.739,128.5843,경상남도 거제시 남부면 저구리 산128-1,
201,신진도 부억도,34.7336,127.8227,충청남도 태안군 근흥면 신진도 부억도,
202,해금강 (2),34.7307,128.6719,경상남도 거제시 남부면 갈곶리 산2-16,
203,해금강 (3),34.7296,128.6743,경상남도 거제시 남부면 갈곶리 산2-16,
204,남해도 가천콘도 (1),34.7227,127.8867,경상남도 남해군 남면 홍현리 1424-5,
205,오곡도 춘향여 (1),34.7224,128.4284,경상남도 통영시 산양읍 연곡리 산191,
206,남해도 가천콘도 (2),34.7222,127.8893,경상남도 남해군 남면 홍현리 1424-1,
207,남해도 가천콘도 (3),34.722,127.8886,경상남도 남해군 남면 홍현리 1424-1,
208,오곡도 춘향여 (2),34.7218,128.4285,경상남도 통영시 산양읍 연곡리 산196-13,
209,오곡도 춘향여 (3),34.7215,128.4288,경상남도 통영시 산양읍 연곡리 산196-13,
210,오곡도 춘향여 (4),34.7204,128.4282,경상남도 통영시 산양읍 연곡리 산197,
211,비진도 충복도 범여 (1),34.7203,128.4527,경상남도 통영시 한산면 비진리 535,
212,비진도 충복도 범여 (2),34.7202,128.4523,경상남도 통영시 한산면 비진리 535,
213,비진도 충복도 범여 (3),34.7201,128.4524,경상남도 통영시 한산면 비진리 535,
214,북신항방파제,34.7171,128.0534,경상남도 남해군 미조면 미조리 28-4,
215,여차본섬 큰여,34.7099,128.6382,경상남도 거제시 남부면 다포리 산21-2,
216,내치도,34.6955,127.7876,전라남도 여수시 돌산읍 우두리 산4,
217,남해군 애도,34.6932,128.0328,경상남도 남해군 미조면 미조리 산402-2,
218,하노대,34.6621,128.2518,경상남도 통영시 욕지면 노대리 산25-11,
219,통영 적도 (1),34.6606,128.3166,경상남도 통영시 욕지면 동항리,
220,통영 적도 (2),34.6603,128.3166,경상남도 통영시 욕지면 동항리,
221,통영 적도 (3),34.6602,128.3165,경상남도 통영시 욕지면 동항리,
222,여서도 성여,34.65547356,125.0727975,전라남도 신안군 흑산면 여서리 20-3 ,
223,강진 마량 정자도 방파제,34.6533,126.5463,전라남도 완도군 금일읍 장정리 방파제,
224,고흥내만 섭도 남동쪽 끝,34.6393,127.3556,전라남도 고흥군 금산면,
225,욕지도 좌대,34.6367,128.2737,경상남도 통영시 욕지면 동항리 584-34,
226,소초도 (1),34.6202,128.3261,경상남도 통영시 욕지면 동항리 산6-1,
227,소초도 (2),34.6199,128.326,경상남도 통영시 욕지면 동항리 산6-1,
228,소초도 (3),34.6199,128.3258,경상남도 통영시 욕지면 동항리 산6-1,
229,돌산방파제,34.6131,127.7213,전라남도 여수시 돌산읍 군내리 595-1,
230,내장덕암 (1),34.6061,128.3263,경상남도 통영시 욕지면 동항리,
231,내장덕암 (2),34.6061,128.3257,경상남도 통영시 욕지면 동항리,
232,내장덕암 (3),34.6059,128.326,경상남도 통영시 욕지면 동항리,
233,신기방파제,34.6012,127.7403,전라남도 여수시 돌산읍 신복리 1111-19,
234,외매물도 (1),34.5979,127.5139,전라남도 고흥군 영남면 우천리 산142,
235,외매물도 (2),34.5974,127.5131,전라남도 고흥군 영남면 우천리 산142,
236,외매물도 (3),34.5973,127.5141,전라남도 고흥군 영남면 우천리 산142,
237,외매물도 (4),34.5968,127.5128,전라남도 고흥군 영남면 우천리 산142,
238,낭도 넙덕여 조발수도 (1),34.5912,127.5387,전라남도 여수시 화정면 낭도리 산348,
239,낭도 넙덕여 조발수도 (2),34.5911,127.5385,전라남도 여수시 화정면 낭도리 산348,
240,낭도 넙덕여 조발수도 (3),34.5909,127.5385,전라남도 여수시 화정면 낭도리 산348,
241,낭도 넙덕여 조발수도 (4),34.5908,127.5386,전라남도 여수시 화정면 낭도리 산348,
242,좌사리제도 내장덕도 (1),34.571,128.3491,경상남도 통영시 욕지면 동항리 산4-1,
243,좌사리제도 내장덕도 (2),34.571,128.3491,경상남도 통영시 욕지면 동항리 산4-1,
244,좌사리제도 내장덕도 (3),34.5709,128.3492,경상남도 통영시 욕지면 동항리 산4-1,
245,개도 (1),34.5707,127.6393,전라남도 여수시 화정면 개도리 산739,
246,해남 서당도,34.5677,126.5948,전라남도 해남군 화산면 삼마리,
247,개도 작은산 어장줄 옆,34.5633,127.6948,전라남도 여수시 화정면 개도리 산83-2,
248,오취도 관뒷여,34.561,127.4623,전라남도 고흥군 포두면 오취리 산271,
249,대두라도 귀신방파제,34.5604,127.7259,전라남도 여수시 남면 두라리 442-10,
250,개도 (2),34.5582,127.6384,전라남도 여수시 화정면 개도리 산756,
251,좌사리제도 등대섬 (1),34.5578,128.3415,경상남도 통영시 욕지면 동항리 산2,
252,좌사리제도 등대섬 (2),34.5578,128.3414,경상남도 통영시 욕지면 동항리 산2,
253,좌사리제도 등대섬 (3),34.5574,128.3416,경상남도 통영시 욕지면 동항리 산2,
254,갈도쌍여,34.5568,128.1832,경상남도 통영시 욕지면 서산리 1017,
255,해남 외모도,34.5567,126.4842,전라남도 해남시 외모면 외모리 648-1,
256,강진 마량 정자도 남동쪽 ,34.55,126.6333,전라남도 완도군 금일읍 장정리 남동쪽 ,
257,진도 병풍도 서들개,34.5314,126.1973,전라남도 진도군 조도면 병풍도서길,
258,여수 배다여,34.5312,127.8091,전라남도 여수시 남면 안도리 산401,
259,진도 장죽도 ,34.529842,126.261024,전라남도 진도군 조도면 창유리,
260,녹동향 소록대교,34.5293,127.1227,전라남도 고흥군 도양읍 목넘가는길 71-57,
261,금오도,34.5247,127.7173,전라남도 여수시 남면 두모리 산294-27,
262,강진 마량 정자도 남서쪽 ,34.5167,126.5667,전라남도 완도군 금일읍 장정리 남서쪽 ,
263,안도본섬,34.4946,127.8083,전라남도 여수시 남면 안도리 산93,
264,금진항 거금도낚시,34.4902,127.1243,전라남도 고흥군 금산면 거금일주로 1,
265,진도 옥도 시야도,34.4829,126.2677,전라남도 진도군 조도면 옥도 시야도,
266,진도 조도군도 제도,34.482778,126.170556,전라남도 진도군 제도면,
267,안도 남고지,34.4753,127.8127,전라남도 여수시 남면 안도리 490-4,
268,진도 조도군도 죽항도,34.4694,126.2814,전라남도 진도군 조도면 죽항도리,
269,나로도 창포,34.4687,127.5097,전라남도 고흥군 봉래면 예내리 산165-6,
270,소리도 큰여,34.4628,127.8059,전라남도 여수시 남면 연도리 산606,
271,맹골군도 곽도,34.4603,126.2281,전라남도 진도군 조도면 맹골도리,
272,여수 연도 역포,34.458,127.8064,전라남도 여수시 남면 연도리 산10,
273,진도 조도군도 갈도 ,34.4561,126.1847,전라남도 진도군 조도면,
274,여수 연도 콧죽바위,34.4504,127.7976,전라남도 여수시 남면 연도리 산87-5,
275,진도 맹골군도 큰삼여,34.45,126.2667,전라남도 진도군 맹종면 큰삼여길 22-3,
276,여수 연도 (1),34.4468,127.8117,전라남도 여수시 남면 연도리 산163,
277,여수 연도 (2),34.4462,127.8108,전라남도 여수시 남면 연도리 산163,
278,여수 연도 (3),34.4455,127.8108,전라남도 여수시 남면 연도리 산163,
279,여수 연도 기름여,34.4298,127.7845,전라남도 여수시 남면 연도리 산605,
280,거금도 익금방파제,34.4267,127.1442,전라남도 고흥군 금산면 어전리 산254-21,
281,진도 하조도 등대 ,34.4228,126.2653,전라남도 진도군 조도면 조도등대길 429,
282,외나로도 염포,34.4199,127.5103,전라남도 고흥군 봉래면 외초리 산244-1,
283,진도 밀매도,34.4161,126.1789,전라남도 진도군 의신면 구자도리,
284,여수 연도 만자굴,34.4152,127.8036,전라남도 여수시 남면 연도리 산417,
285,여수 연도 쌍굴안통,34.411,127.803,전라남도 여수시 남면 연도리 산421,
286,외나로도 곡두여 (1),34.3978,127.4969,전라남도 고흥군 봉래면 외초리 산317-1,
287,외나로도 곡두여 (2),34.3977,127.4967,전라남도 고흥군 봉래면 외초리 산317-1,
288,외나로도 곡두여 (3),34.3973,127.497,전라남도 고흥군 봉래면 외초리 산317-1,
289,외나로도 곡두여 (4),34.3972,127.4971,전라남도 고흥군 봉래면 외초리 산317-1,
290,맹골군도 소죽도,34.3944,126.3031,전라남도 진도군 맹종면 소죽도길 20,
291,진도 관사도,34.393872,126.186154,전라남도 진도군 조도면,
292,진도 청등도,34.3833,126.2667,전라남도 진도군 조미면,
293,진도 삼마군도 중마도 ,34.3795,126.2908,전라남도 진도 삼마군도 중마도 ,
294,황제도 동쪽끝섬,34.3762,126.8238,전라남도 완도군 서도면 ,
295,충도 남쪽 홈통,34.3754,127.0831,전라남도 완도군 금일읍 충동리 산458,
296,외나로도 탕건여 고래여,34.3648,127.51,전라남도 고흥군 봉래면 외초리,
297,완도 북여 ,34.3543,126.8853,전라남도 완도군 신지면 북여,
298,덕우도 팔자여,34.3364,126.4006,전라남도 신안군 토봉면 팔자여리,
299,지마도,34.3329,127.3745,전라남도 여수시 삼산면 손죽리 산1760,
300,황제도,34.3309,126.7401,전라남도 완도군 금일읍,
301,완도 약산,34.3241,126.7399,전라남도 완도군 약산면,
302,완도 해경 방파제 ,34.3155,126.7361,전라남도 완도군 완도읍 장보고대로 ,
303,완도 부도,34.3147,127.1335,전라남도 완도군 금일읍 사동리 산97,
304,신지도 강독,34.310097,126.733563,전라남도 완도군 신진면,
305,망석리 방파제,34.3086,126.7964,전라남도 완도군 완도읍 망석리,
306,덕우도 송도,34.3056,126.3333,전라남도 신안군 흑산면 송도리 388번지,
307,완도 섭도,34.3006,127.1325,전라남도 완도군 금일읍 사동리 산143,
308,손죽도 흰등대,34.2953,127.3513,전라남도 여수시 삼산면 손죽리 산1612,
309,진도 맹골군도 죽도,34.2948,126.1861,전라남도 진도군 맹종면 ,
310,부도 북동쪽,34.2928,126.7334,전라남도 완도 금일읍,
311,신리 방파제,34.292536,126.72576,전라남도 완도군 신지면 신리,
312,여수 간여,34.2815,127.8518,전라남도 여수시 남면 연도리 산609,
313,소안도 미라리,34.280621,126.711714,전라남도 완도군 소안면 미라리,
314,소안도 소송리,34.277688,126.854547,전라남도 완도군 소안면 소송리,
315,초도군도 용섬 (1),34.2745,127.2769,전라남도 여수시 삼산면 초도리 산28,
316,초도군도 용섬 (2),34.2731,127.2734,전라남도 여수시 삼산면 초도리 산28,
317,광도 검등여,34.266,127.5416,전라남도 여수시 삼산면 손죽리 산127-1,
318,광도 남쪽,34.2614,127.5324,전라남도 여수시 삼산면 손죽리 산127,
319,초도군도 중결섬,34.2598,127.2545,전라남도 여수시 삼산면 초도리 산34-1,
320,초도 예미,34.2495,127.2529,전라남도 여수시 삼산면 초도리 산64,
321,초도 대동리,34.2462,127.2433,전라남도 여수시 삼산면 초도리 산113,
322,진도 독거도,34.2453,126.2903,전라남도 진도군 독거면 ,
323,진도 독거군도,34.2453,126.2903,전라남도 진도군 독거면 ,
324,평도 (1),34.2415,127.4519,전라남도 여수시 삼산면 손죽리 산130,
325,평도 (2),34.2413,127.446,전라남도 여수시 삼산면 손죽리 산161,
326,평도 (3),34.2402,127.4504,전라남도 여수시 삼산면 손죽리 산130,
327,평도 (4),34.2402,127.4487,전라남도 여수시 삼산면 손죽리 산130,
328,평도 (5),34.2394,127.4493,전라남도 여수시 삼산면 손죽리 산130,
329,초도 안목섬,34.2221,127.2192,전라남도 여수시 삼산면 초도리 산2097-1,
330,완도 원도,34.2176,127.1939,전라남도 완도군 금일읍 장원리 산18,
331,진도 하태도 매바위 ,34.1957,126.2586,전라남도 신의군 신의면 하태동리 매바위 ,
332,문도 삼각여,34.1159,127.5103,전라남도 여수시 삼산면 동도리 산127,
333,문도(모기섬),34.1152,127.5089,전라남도 여수시 삼산면 동도리 산127,
334,거문도 동도,34.0588,127.3234,전라남도 여수시 삼산면 동도리 산70-21,
335,거문도 안재림여,34.0524,127.2765,전라남도 여수시 삼산면 서도리 산236,
336,진도 병풍도 아랫병풍 수정동굴,34.044693,126.239184,전라남도 진도군 조도면 병풍도서길 60-40 (병풍도),
337,거문도 개빠진통,34.0123,127.3064,전라남도 여수시 삼산면 덕촌리 산172-504,
338,거문도 거북여,34.0117,127.3099,전라남도 여수시 삼산면 덕촌리 산172-497,
339,김녕방파제,33.539861,126.858692,제주특별자치도 제주시 구좌읍 김녕리 235-1,
340,정방폭포,33.519137,126.792414,제주특별자치도 제주시 조천읍 함덕로 253 ,
341,도두방파제,33.5115612,126.5494156,제주특별자치도 제주시 구좌읍 도두리 258-1,
342,우이군도 우도 ,33.5061,126.9489,전라남도 신안군 도초면 우이도리 산628,
343,상동방파제,33.478229,126.752338,제주특별자치도 서귀포시 상예로 184 (하원동) ,
344,애월방파제,33.4749474,126.3318317,제주특별자치도 제주시 애월읍 애월리 295-7,
345,성산포방파제,33.4502059,126.9358333,제주특별자치도 서귀포시 성산읍 일출로 284 (성산리),
346,서부두방파제,33.4484394,126.5081446,제주특별자치도 제주시 용담이동 1886-4 ,
347,위미방파제,33.372586,126.260634,제주특별자치도 제주시 구좌읍 월정리 1689-3,
348,모슬포방파제,33.361522,126.256878,제주특별자치도 서귀포시 대정읍 모슬로 1460번길 60 ,
349,제주도 형제섬,33.258901,126.317871,제주특별자치도 서귀포시 안덕면 사계리 산53,
350,서귀포 범섬,33.241594,126.362919,제주특별자치도 서귀포시 천제연로 181 (범선면) ,
